{
    "metrics": {
        "http_reqs": {
            "count": 10000,
            "rate": 635.3316238888884
        },
        "http_req_duration{expected_response:true}": {
            "med": 2207.4861,
            "max": 9278.6375,
            "p(90)": 4873.375830000001,
            "p(95)": 5109.773914999999,
            "avg": 2486.774770609997,
            "min": 6.7355
        },
        "http_req_connecting": {
            "med": 1275.28155,
            "max": 3865.3869,
            "p(90)": 2930.742080000213,
            "p(95)": 3727.438799999999,
            "avg": 1431.3608689899932,
            "min": 70.3322
        },
        "http_req_failed": {
            "passes": 0,
            "fails": 10000,
            "value": 0
        },
        "checks": {
            "passes": 10000,
            "fails": 110000,
            "value": 0.08333333333333333
        },
        "iterations": {
            "rate": 635.3316238888884,
            "count": 10000
        },
        "http_req_duration": {
            "p(90)": 4873.375830000001,
            "p(95)": 5109.773914999999,
            "avg": 2486.774770609997,
            "min": 6.7355,
            "med": 2207.4861,
            "max": 9278.6375
        },
        "iteration_duration": {
            "avg": 6864.158278980002,
            "min": 1453.24,
            "med": 6723.04175,
            "max": 15734.1034,
            "p(90)": 7587.61147,
            "p(95)": 8862.405599999998
        },
        "http_req_receiving": {
            "avg": 57.87244624999971,
            "min": 0,
            "med": 3.43235,
            "max": 1810.8113,
            "p(90)": 187.1835,
            "p(95)": 324.92794999999995
        },
        "vus_max": {
            "min": 3561,
            "max": 10000,
            "value": 10000
        },
        "data_sent": {
            "rate": 474727.92161456315,
            "count": 7472128
        },
        "vus": {
            "value": 2,
            "min": 0,
            "max": 10000
        },
        "http_req_blocked": {
            "med": 3762.7074000000002,
            "max": 13401.449,
            "p(90)": 6115.13377,
            "p(95)": 6752.785089999999,
            "avg": 3374.58971416,
            "min": 303.4818
        },
        "http_req_tls_handshaking": {
            "avg": 1942.5239049399966,
            "min": 11.4319,
            "med": 1294.21885,
            "max": 11449.2046,
            "p(90)": 4467.74834,
            "p(95)": 5478.873
        },
        "http_req_sending": {
            "avg": 0.23044080999999964,
            "min": 0,
            "med": 0,
            "max": 38.1493,
            "p(90)": 0.9992,
            "p(95)": 1.0016
        },
        "http_req_waiting": {
            "min": 5.7198,
            "med": 2178.7128000000002,
            "max": 9275.3628,
            "p(90)": 4769.280519999999,
            "p(95)": 5023.67192,
            "avg": 2428.6718835499914
        },
        "data_received": {
            "count": 197743101,
            "rate": 12563244.547115447
        }
    },
    "root_group": {
        "name": "",
        "path": "",
        "id": "d41d8cd98f00b204e9800998ecf8427e",
        "groups": {},
        "checks": {
                "200 OK": {
                    "name": "200 OK",
                    "path": "::200 OK",
                    "id": "e9654c443eff553da9e69eda7007924e",
                    "passes": 10000,
                    "fails": 0
                },
                "201 Created": {
                    "id": "728dcd977aae263ca314731145e1d447",
                    "passes": 0,
                    "fails": 10000,
                    "name": "201 Created",
                    "path": "::201 Created"
                },
                "204 No Content": {
                    "name": "204 No Content",
                    "path": "::204 No Content",
                    "id": "54fa3c2eda34e1622fda2da5e0479fc5",
                    "passes": 0,
                    "fails": 10000
                },
                "400 Bad Request": {
                    "name": "400 Bad Request",
                    "path": "::400 Bad Request",
                    "id": "eeae81934b9b58bccaf0184a6d070338",
                    "passes": 0,
                    "fails": 10000
                },
                "401 Unauthorized": {
                    "name": "401 Unauthorized",
                    "path": "::401 Unauthorized",
                    "id": "6ae9254e6aefe7f0bafe5102fa7e20a5",
                    "passes": 0,
                    "fails": 10000
                },
                "403 Forbidden": {
                    "passes": 0,
                    "fails": 10000,
                    "name": "403 Forbidden",
                    "path": "::403 Forbidden",
                    "id": "655548b761742c5a7ad15aa7df3a5d9c"
                },
                "404 Not Found": {
                    "name": "404 Not Found",
                    "path": "::404 Not Found",
                    "id": "df1528f9925ca236bac51008f77b774a",
                    "passes": 0,
                    "fails": 10000
                },
                "429 Too Many Requests": {
                    "fails": 10000,
                    "name": "429 Too Many Requests",
                    "path": "::429 Too Many Requests",
                    "id": "b810c35b9499cc7342fd415032e3a6aa",
                    "passes": 0
                },
                "500 Internal Server Error": {
                    "name": "500 Internal Server Error",
                    "path": "::500 Internal Server Error",
                    "id": "3cd96245b24e869810efe46d533b0eef",
                    "passes": 0,
                    "fails": 10000
                },
                "502 Bad Gateway": {
                    "name": "502 Bad Gateway",
                    "path": "::502 Bad Gateway",
                    "id": "712cb0ec189a11f31f0d6d0c0031b569",
                    "passes": 0,
                    "fails": 10000
                },
                "503 Service Unavailable": {
                    "passes": 0,
                    "fails": 10000,
                    "name": "503 Service Unavailable",
                    "path": "::503 Service Unavailable",
                    "id": "f1ea1a22be0dc738c385523a66ea1cd9"
                },
                "504 Gateway Timeout": {
                    "path": "::504 Gateway Timeout",
                    "id": "218efb729cb654723ccd57c6ebbebe29",
                    "passes": 0,
                    "fails": 10000,
                    "name": "504 Gateway Timeout"
                }
            }
    }
}