{
    "metrics": {
        "iterations": {
            "count": 10000,
            "rate": 162.23171791505797
        },
        "http_req_connecting": {
            "max": 9007.6166,
            "p(90)": 2833.59191,
            "p(95)": 2912.8859,
            "avg": 1436.251341589997,
            "min": 61.3868,
            "med": 1084.2206
        },
        "http_reqs": {
            "count": 10000,
            "rate": 162.23171791505797
        },
        "http_req_duration{expected_response:true}": {
            "p(90)": 9169.44244,
            "p(95)": 9758.372955,
            "avg": 5289.459470282179,
            "min": 22.0933,
            "med": 6957.99235,
            "max": 13430.4312
        },
        "http_req_duration": {
            "min": 0,
            "med": 6956.9802,
            "max": 13430.4312,
            "p(90)": 9169.26532,
            "p(95)": 9758.107965,
            "avg": 5286.2857946000095
        },
        "http_req_sending": {
            "p(95)": 1.0019,
            "avg": 0.3283237199999992,
            "min": 0,
            "med": 0,
            "max": 152.2416,
            "p(90)": 0.9977
        },
        "data_sent": {
            "count": 7527222,
            "rate": 122115.41561880185
        },
        "vus_max": {
            "value": 10000,
            "min": 3658,
            "max": 10000
        },
        "http_req_waiting": {
            "avg": 5283.5395822300125,
            "min": 0,
            "med": 6956.4982,
            "max": 13430.0071,
            "p(90)": 9168.374539999999,
            "p(95)": 9758.09526
        },
        "http_req_receiving": {
            "max": 1709.6205,
            "p(90)": 1.0138600000000002,
            "p(95)": 2.721089999999997,
            "avg": 2.417888650000001,
            "min": 0,
            "med": 0
        },
        "iteration_duration": {
            "avg": 11317.041495379994,
            "min": 1693.569,
            "med": 12023.0426,
            "max": 61004.7409,
            "p(90)": 16817.09527,
            "p(95)": 17190.20561
        },
        "http_req_failed": {
            "passes": 6,
            "fails": 9994,
            "value": 0.0006
        },
        "data_received": {
            "count": 73208892,
            "rate": 1187680.4315817945
        },
        "vus": {
            "value": 2,
            "min": 0,
            "max": 10000
        },
        "http_req_tls_handshaking": {
            "med": 3936.8943,
            "max": 14385.0772,
            "p(90)": 6172.78311,
            "p(95)": 7189.943699999998,
            "avg": 3574.0875687799985,
            "min": 0
        },
        "http_req_blocked": {
            "avg": 5009.279669799995,
            "min": 0,
            "med": 5329.65095,
            "max": 15124.0191,
            "p(90)": 7090.339730000001,
            "p(95)": 7950.875299999999
        },
        "checks": {
            "passes": 9994,
            "fails": 110006,
            "value": 0.08328333333333333
        }
    },
    "root_group": {
        "path": "",
        "id": "d41d8cd98f00b204e9800998ecf8427e",
        "groups": {},
        "checks": {
                "200 OK": {
                    "name": "200 OK",
                    "path": "::200 OK",
                    "id": "e9654c443eff553da9e69eda7007924e",
                    "passes": 9994,
                    "fails": 6
                },
                "201 Created": {
                    "name": "201 Created",
                    "path": "::201 Created",
                    "id": "728dcd977aae263ca314731145e1d447",
                    "passes": 0,
                    "fails": 10000
                },
                "204 No Content": {
                    "path": "::204 No Content",
                    "id": "54fa3c2eda34e1622fda2da5e0479fc5",
                    "passes": 0,
                    "fails": 10000,
                    "name": "204 No Content"
                },
                "400 Bad Request": {
                    "name": "400 Bad Request",
                    "path": "::400 Bad Request",
                    "id": "eeae81934b9b58bccaf0184a6d070338",
                    "passes": 0,
                    "fails": 10000
                },
                "401 Unauthorized": {
                    "path": "::401 Unauthorized",
                    "id": "6ae9254e6aefe7f0bafe5102fa7e20a5",
                    "passes": 0,
                    "fails": 10000,
                    "name": "401 Unauthorized"
                },
                "403 Forbidden": {
                    "name": "403 Forbidden",
                    "path": "::403 Forbidden",
                    "id": "655548b761742c5a7ad15aa7df3a5d9c",
                    "passes": 0,
                    "fails": 10000
                },
                "404 Not Found": {
                    "passes": 0,
                    "fails": 10000,
                    "name": "404 Not Found",
                    "path": "::404 Not Found",
                    "id": "df1528f9925ca236bac51008f77b774a"
                },
                "429 Too Many Requests": {
                    "fails": 10000,
                    "name": "429 Too Many Requests",
                    "path": "::429 Too Many Requests",
                    "id": "b810c35b9499cc7342fd415032e3a6aa",
                    "passes": 0
                },
                "500 Internal Server Error": {
                    "path": "::500 Internal Server Error",
                    "id": "3cd96245b24e869810efe46d533b0eef",
                    "passes": 0,
                    "fails": 10000,
                    "name": "500 Internal Server Error"
                },
                "502 Bad Gateway": {
                    "path": "::502 Bad Gateway",
                    "id": "712cb0ec189a11f31f0d6d0c0031b569",
                    "passes": 0,
                    "fails": 10000,
                    "name": "502 Bad Gateway"
                },
                "503 Service Unavailable": {
                    "name": "503 Service Unavailable",
                    "path": "::503 Service Unavailable",
                    "id": "f1ea1a22be0dc738c385523a66ea1cd9",
                    "passes": 0,
                    "fails": 10000
                },
                "504 Gateway Timeout": {
                    "name": "504 Gateway Timeout",
                    "path": "::504 Gateway Timeout",
                    "id": "218efb729cb654723ccd57c6ebbebe29",
                    "passes": 0,
                    "fails": 10000
                }
            },
        "name": ""
    }
}