{
    "metrics": {
        "http_req_connecting": {
            "med": 66.5812,
            "max": 84.7486,
            "p(90)": 80.1775,
            "p(95)": 81.0139,
            "avg": 67.64154119999989,
            "min": 52.7172
        },
        "vus": {
            "value": 1000,
            "min": 1000,
            "max": 1000
        },
        "vus_max": {
            "value": 1000,
            "min": 1000,
            "max": 1000
        },
        "http_req_tls_handshaking": {
            "min": 58.8244,
            "med": 97.4306,
            "max": 131.6309,
            "p(90)": 114.31783,
            "p(95)": 117.7578,
            "avg": 96.35286949999984
        },
        "http_req_blocked": {
            "p(90)": 249.58013,
            "p(95)": 253.26207,
            "avg": 217.64192210000033,
            "min": 156.8098,
            "med": 220.17714999999998,
            "max": 268.4696
        },
        "data_sent": {
            "count": 542000,
            "rate": 363262.08548495185
        },
        "iterations": {
            "count": 1000,
            "rate": 670.2252499722359
        },
        "http_reqs": {
            "count": 1000,
            "rate": 670.2252499722359
        },
        "http_req_duration": {
            "med": 192.94735,
            "max": 223.3299,
            "p(90)": 201.5326,
            "p(95)": 204.77927,
            "avg": 193.83873560000006,
            "min": 182.0074
        },
        "http_req_sending": {
            "avg": 0.3013684000000001,
            "min": 0,
            "med": 0,
            "max": 17.839,
            "p(90)": 1.0003,
            "p(95)": 1.6299799999999962
        },
        "http_req_waiting": {
            "p(95)": 200.8366,
            "avg": 192.3322124000002,
            "min": 181.4928,
            "med": 191.8852,
            "max": 216.5255,
            "p(90)": 199.19833
        },
        "http_req_receiving": {
            "max": 17.2005,
            "p(90)": 2.6489100000000008,
            "p(95)": 4.6464,
            "avg": 1.2051547999999976,
            "min": 0,
            "med": 0.5575
        },
        "iteration_duration": {
            "max": 1473.3781,
            "p(90)": 1442.07394,
            "p(95)": 1445.4726549999998,
            "avg": 1412.6952215000006,
            "min": 1347.4971,
            "med": 1420.0438
        },
        "http_req_failed": {
            "passes": 1000,
            "fails": 0,
            "value": 1
        },
        "data_received": {
            "count": 3959824,
            "rate": 2653974.0302460594
        },
        "checks": {
            "passes": 1000,
            "fails": 11000,
            "value": 0.08333333333333333
        }
    },
    "root_group": {
        "name": "",
        "path": "",
        "id": "d41d8cd98f00b204e9800998ecf8427e",
        "groups": {},
        "checks": {
                "200 OK": {
                    "name": "200 OK",
                    "path": "::200 OK",
                    "id": "e9654c443eff553da9e69eda7007924e",
                    "passes": 0,
                    "fails": 1000
                },
                "201 Created": {
                    "name": "201 Created",
                    "path": "::201 Created",
                    "id": "728dcd977aae263ca314731145e1d447",
                    "passes": 0,
                    "fails": 1000
                },
                "204 No Content": {
                    "fails": 1000,
                    "name": "204 No Content",
                    "path": "::204 No Content",
                    "id": "54fa3c2eda34e1622fda2da5e0479fc5",
                    "passes": 0
                },
                "400 Bad Request": {
                    "name": "400 Bad Request",
                    "path": "::400 Bad Request",
                    "id": "eeae81934b9b58bccaf0184a6d070338",
                    "passes": 0,
                    "fails": 1000
                },
                "401 Unauthorized": {
                    "path": "::401 Unauthorized",
                    "id": "6ae9254e6aefe7f0bafe5102fa7e20a5",
                    "passes": 0,
                    "fails": 1000,
                    "name": "401 Unauthorized"
                },
                "403 Forbidden": {
                    "name": "403 Forbidden",
                    "path": "::403 Forbidden",
                    "id": "655548b761742c5a7ad15aa7df3a5d9c",
                    "passes": 0,
                    "fails": 1000
                },
                "404 Not Found": {
                    "passes": 1000,
                    "fails": 0,
                    "name": "404 Not Found",
                    "path": "::404 Not Found",
                    "id": "df1528f9925ca236bac51008f77b774a"
                },
                "429 Too Many Requests": {
                    "name": "429 Too Many Requests",
                    "path": "::429 Too Many Requests",
                    "id": "b810c35b9499cc7342fd415032e3a6aa",
                    "passes": 0,
                    "fails": 1000
                },
                "500 Internal Server Error": {
                    "name": "500 Internal Server Error",
                    "path": "::500 Internal Server Error",
                    "id": "3cd96245b24e869810efe46d533b0eef",
                    "passes": 0,
                    "fails": 1000
                },
                "502 Bad Gateway": {
                    "path": "::502 Bad Gateway",
                    "id": "712cb0ec189a11f31f0d6d0c0031b569",
                    "passes": 0,
                    "fails": 1000,
                    "name": "502 Bad Gateway"
                },
                "503 Service Unavailable": {
                    "passes": 0,
                    "fails": 1000,
                    "name": "503 Service Unavailable",
                    "path": "::503 Service Unavailable",
                    "id": "f1ea1a22be0dc738c385523a66ea1cd9"
                },
                "504 Gateway Timeout": {
                    "name": "504 Gateway Timeout",
                    "path": "::504 Gateway Timeout",
                    "id": "218efb729cb654723ccd57c6ebbebe29",
                    "passes": 0,
                    "fails": 1000
                }
            }
    }
}