{
    "metrics": {
        "checks": {
            "passes": 1,
            "fails": 11,
            "value": 0.08333333333333333
        },
        "http_req_receiving": {
            "avg": 32.14995,
            "min": 0.6782,
            "med": 32.14995,
            "max": 63.6217,
            "p(90)": 57.327349999999996,
            "p(95)": 60.47452499999999
        },
        "iteration_duration": {
            "avg": 4413.28,
            "min": 4413.28,
            "med": 4413.28,
            "max": 4413.28,
            "p(90)": 4413.28,
            "p(95)": 4413.28
        },
        "data_received": {
            "count": 17756,
            "rate": 4023.1970527068047
        },
        "vus_max": {
            "value": 1,
            "min": 1,
            "max": 1
        },
        "http_reqs": {
            "count": 2,
            "rate": 0.45316479530376264
        },
        "http_req_duration{expected_response:true}": {
            "min": 515.2046,
            "med": 1622.4616,
            "max": 2729.7186,
            "p(90)": 2508.2672000000002,
            "p(95)": 2618.9929,
            "avg": 1622.4616
        },
        "http_req_tls_handshaking": {
            "med": 44.7723,
            "max": 46.1054,
            "p(90)": 45.83878,
            "p(95)": 45.97209,
            "avg": 44.7723,
            "min": 43.4392
        },
        "http_req_waiting": {
            "avg": 1590.0151,
            "min": 451.0373,
            "med": 1590.0151,
            "max": 2728.9929,
            "p(90)": 2501.19734,
            "p(95)": 2615.09512
        },
        "data_sent": {
            "count": 1663,
            "rate": 376.80652729507864
        },
        "http_req_connecting": {
            "p(95)": 36.79812,
            "avg": 36.1161,
            "min": 35.3583,
            "med": 36.1161,
            "max": 36.8739,
            "p(90)": 36.72234
        },
        "http_req_failed": {
            "passes": 0,
            "fails": 2,
            "value": 0
        },
        "iterations": {
            "count": 1,
            "rate": 0.22658239765188132
        },
        "http_req_blocked": {
            "min": 80.4198,
            "med": 84.2238,
            "max": 88.0278,
            "p(90)": 87.267,
            "p(95)": 87.6474,
            "avg": 84.2238
        },
        "vus": {
            "value": 1,
            "min": 1,
            "max": 1
        },
        "http_req_sending": {
            "avg": 0.29655,
            "min": 0.0475,
            "med": 0.29655,
            "max": 0.5456,
            "p(90)": 0.49579,
            "p(95)": 0.520695
        },
        "http_req_duration": {
            "avg": 1622.4616,
            "min": 515.2046,
            "med": 1622.4616,
            "max": 2729.7186,
            "p(90)": 2508.2672000000002,
            "p(95)": 2618.9929
        }
    },
    "root_group": {
        "name": "",
        "path": "",
        "id": "d41d8cd98f00b204e9800998ecf8427e",
        "groups": {},
        "checks": {
                "200 OK": {
                    "passes": 1,
                    "fails": 0,
                    "name": "200 OK",
                    "path": "::200 OK",
                    "id": "e9654c443eff553da9e69eda7007924e"
                },
                "201 Created": {
                    "name": "201 Created",
                    "path": "::201 Created",
                    "id": "728dcd977aae263ca314731145e1d447",
                    "passes": 0,
                    "fails": 1
                },
                "204 No Content": {
                    "fails": 1,
                    "name": "204 No Content",
                    "path": "::204 No Content",
                    "id": "54fa3c2eda34e1622fda2da5e0479fc5",
                    "passes": 0
                },
                "400 Bad Request": {
                    "passes": 0,
                    "fails": 1,
                    "name": "400 Bad Request",
                    "path": "::400 Bad Request",
                    "id": "eeae81934b9b58bccaf0184a6d070338"
                },
                "401 Unauthorized": {
                    "fails": 1,
                    "name": "401 Unauthorized",
                    "path": "::401 Unauthorized",
                    "id": "6ae9254e6aefe7f0bafe5102fa7e20a5",
                    "passes": 0
                },
                "403 Forbidden": {
                    "name": "403 Forbidden",
                    "path": "::403 Forbidden",
                    "id": "655548b761742c5a7ad15aa7df3a5d9c",
                    "passes": 0,
                    "fails": 1
                },
                "404 Not Found": {
                    "passes": 0,
                    "fails": 1,
                    "name": "404 Not Found",
                    "path": "::404 Not Found",
                    "id": "df1528f9925ca236bac51008f77b774a"
                },
                "429 Too Many Requests": {
                    "name": "429 Too Many Requests",
                    "path": "::429 Too Many Requests",
                    "id": "b810c35b9499cc7342fd415032e3a6aa",
                    "passes": 0,
                    "fails": 1
                },
                "500 Internal Server Error": {
                    "name": "500 Internal Server Error",
                    "path": "::500 Internal Server Error",
                    "id": "3cd96245b24e869810efe46d533b0eef",
                    "passes": 0,
                    "fails": 1
                },
                "502 Bad Gateway": {
                    "fails": 1,
                    "name": "502 Bad Gateway",
                    "path": "::502 Bad Gateway",
                    "id": "712cb0ec189a11f31f0d6d0c0031b569",
                    "passes": 0
                },
                "503 Service Unavailable": {
                    "passes": 0,
                    "fails": 1,
                    "name": "503 Service Unavailable",
                    "path": "::503 Service Unavailable",
                    "id": "f1ea1a22be0dc738c385523a66ea1cd9"
                },
                "504 Gateway Timeout": {
                    "passes": 0,
                    "fails": 1,
                    "name": "504 Gateway Timeout",
                    "path": "::504 Gateway Timeout",
                    "id": "218efb729cb654723ccd57c6ebbebe29"
                }
            }
    }
}