{
    "metrics": {
        "http_req_tls_handshaking": {
            "avg": 689.5476928749989,
            "min": 15.0001,
            "med": 540.64855,
            "max": 1490.9518,
            "p(90)": 1326.96375,
            "p(95)": 1399.3577799999998
        },
        "http_req_duration{expected_response:true}": {
            "p(95)": 8526.146904999998,
            "avg": 2527.8132354,
            "min": 90.7439,
            "med": 1349.25445,
            "max": 10938.3287,
            "p(90)": 7788.06114
        },
        "http_req_connecting": {
            "avg": 340.22653312500034,
            "min": 142.4785,
            "med": 345.0073,
            "max": 408.2324,
            "p(90)": 383.25822,
            "p(95)": 386.232315
        },
        "data_received": {
            "count": 29301944,
            "rate": 2146934.021496535
        },
        "vus_max": {
            "max": 4000,
            "value": 4000,
            "min": 3996
        },
        "http_req_sending": {
            "min": 0,
            "med": 0,
            "max": 21.0985,
            "p(90)": 0.9996,
            "p(95)": 1.0025,
            "avg": 0.2801888250000001
        },
        "http_req_duration": {
            "avg": 2527.8132354,
            "min": 90.7439,
            "med": 1349.25445,
            "max": 10938.3287,
            "p(90)": 7788.06114,
            "p(95)": 8526.146904999998
        },
        "data_sent": {
            "count": 3012000,
            "rate": 220687.2442574992
        },
        "iteration_duration": {
            "max": 13337.2319,
            "p(90)": 9821.38557,
            "p(95)": 10732.656049999998,
            "avg": 4584.787382099999,
            "min": 1786.1073,
            "med": 3571.9943000000003
        },
        "http_req_waiting": {
            "p(90)": 7787.29485,
            "p(95)": 8526.110809999998,
            "avg": 2526.861814999999,
            "min": 89.7442,
            "med": 1348.722,
            "max": 10937.2169
        },
        "http_req_receiving": {
            "max": 27.713,
            "p(90)": 1.2289700000000001,
            "p(95)": 3.0016499999999997,
            "avg": 0.6712315749999979,
            "min": 0,
            "med": 0
        },
        "http_req_failed": {
            "fails": 4000,
            "passes": 0,
            "value": 0
        },
        "checks": {
            "passes": 4000,
            "fails": 44000,
            "value": 0.08333333333333333
        },
        "http_reqs": {
            "count": 4000,
            "rate": 293.07734961155273
        },
        "vus": {
            "value": 5,
            "min": 0,
            "max": 4000
        },
        "iterations": {
            "count": 4000,
            "rate": 293.07734961155273
        },
        "http_req_blocked": {
            "max": 1893.7466,
            "p(90)": 1643.9732999999999,
            "p(95)": 1714.02462,
            "avg": 1055.8329152749982,
            "min": 413.0106,
            "med": 917.8918
        }
    },
    "root_group": {
        "groups": {},
        "checks": {
                "200 OK": {
                    "name": "200 OK",
                    "path": "::200 OK",
                    "id": "e9654c443eff553da9e69eda7007924e",
                    "passes": 4000,
                    "fails": 0
                },
                "201 Created": {
                    "fails": 4000,
                    "name": "201 Created",
                    "path": "::201 Created",
                    "id": "728dcd977aae263ca314731145e1d447",
                    "passes": 0
                },
                "204 No Content": {
                    "fails": 4000,
                    "name": "204 No Content",
                    "path": "::204 No Content",
                    "id": "54fa3c2eda34e1622fda2da5e0479fc5",
                    "passes": 0
                },
                "400 Bad Request": {
                    "path": "::400 Bad Request",
                    "id": "eeae81934b9b58bccaf0184a6d070338",
                    "passes": 0,
                    "fails": 4000,
                    "name": "400 Bad Request"
                },
                "401 Unauthorized": {
                    "name": "401 Unauthorized",
                    "path": "::401 Unauthorized",
                    "id": "6ae9254e6aefe7f0bafe5102fa7e20a5",
                    "passes": 0,
                    "fails": 4000
                },
                "403 Forbidden": {
                    "name": "403 Forbidden",
                    "path": "::403 Forbidden",
                    "id": "655548b761742c5a7ad15aa7df3a5d9c",
                    "passes": 0,
                    "fails": 4000
                },
                "404 Not Found": {
                    "name": "404 Not Found",
                    "path": "::404 Not Found",
                    "id": "df1528f9925ca236bac51008f77b774a",
                    "passes": 0,
                    "fails": 4000
                },
                "429 Too Many Requests": {
                    "name": "429 Too Many Requests",
                    "path": "::429 Too Many Requests",
                    "id": "b810c35b9499cc7342fd415032e3a6aa",
                    "passes": 0,
                    "fails": 4000
                },
                "500 Internal Server Error": {
                    "name": "500 Internal Server Error",
                    "path": "::500 Internal Server Error",
                    "id": "3cd96245b24e869810efe46d533b0eef",
                    "passes": 0,
                    "fails": 4000
                },
                "502 Bad Gateway": {
                    "fails": 4000,
                    "name": "502 Bad Gateway",
                    "path": "::502 Bad Gateway",
                    "id": "712cb0ec189a11f31f0d6d0c0031b569",
                    "passes": 0
                },
                "503 Service Unavailable": {
                    "passes": 0,
                    "fails": 4000,
                    "name": "503 Service Unavailable",
                    "path": "::503 Service Unavailable",
                    "id": "f1ea1a22be0dc738c385523a66ea1cd9"
                },
                "504 Gateway Timeout": {
                    "name": "504 Gateway Timeout",
                    "path": "::504 Gateway Timeout",
                    "id": "218efb729cb654723ccd57c6ebbebe29",
                    "passes": 0,
                    "fails": 4000
                }
            },
        "name": "",
        "path": "",
        "id": "d41d8cd98f00b204e9800998ecf8427e"
    }
}